date,days_to_t0,S,E,I1,I2,I3,R,D,cumulative_I1,cumulative_I2_I3,I1_increase,hosp_increase,D_increase,I1_tested,I1_increase_tested,cumulative_I1_tested
2020/2/29,0,39512201,12,10,0,0,0,0,10,0,0,0,0,0.936071903,0,0.936071903
2020/3/1,1,39512190.66,16.89733714,13.10316509,0.025050336,0.010842347,2.298364549,4.20E-04,15.4378426,0.038300671,5.437842601,0.038300671,4.20E-04,1.226550469,0.509021167,1.445093071
2020/3/2,2,39512176.95,23.09701627,17.52134521,0.054966524,0.023944296,5.351615123,0.001785762,22.95365692,0.089117739,7.515814316,0.050817069,0.001365485,1.640123896,0.703534261,2.148627332
2020/3/3,3,39512158.53,31.29519493,23.5801098,0.092297654,0.040420916,9.453859072,0.004316929,33.17100437,0.157339801,10.21734745,0.068222062,0.002531168,2.207267826,0.956417187,3.105044519
2020/3/4,4,39512133.72,42.29048275,31.79762955,0.140179091,0.061655201,14.9842695,0.008332351,46.99206569,0.249266587,13.82106133,0.091926786,0.004015421,2.976486761,1.293750718,4.398795237
2020/3/5,5,39512100.24,57.10243691,42.90589405,0.202691008,0.089455211,22.4472939,0.01427602,65.65961018,0.373277502,18.66754449,0.124010915,0.00594367,4.01630019,1.74741639,6.146211627
2020/3/6,6,39512055.06,77.08305113,57.90641817,0.285255789,0.126229978,32.52080093,0.022757696,90.86146256,0.540631542,25.20185238,0.16735404,0.008481676,5.420457106,2.359074592,8.505286219
2020/3/7,7,39511994.07,104.0471638,78.15658111,0.395138016,0.175211778,46.11851132,0.034608825,124.880051,0.76650425,34.01858848,0.225872708,0.011851129,7.316017963,3.184384487,11.68967071
2020/3/8,8,39511911.76,140.4402248,105.4908416,0.542104141,0.240749896,64.47324278,0.050958756,170.7978972,1.07137025,45.91784614,0.304866,0.016349931,9.874701288,4.298240563,15.98791127
2020/3/9,9,39511800.66,189.5611877,142.3861763,0.739305735,0.328704204,89.24877992,0.073337899,232.776304,1.482861123,61.97840686,0.411490873,0.022379143,13.3283699,5.801624527,21.78953579
2020/3/10,10,39511650.71,255.8621262,192.186338,1.004469391,0.446975577,122.6907987,0.103817271,316.4323989,2.038271856,83.65609487,0.555410733,0.030479372,17.99002312,7.830811994,29.62034779
2020/3/11,11,39511448.3,345.35179,259.4046547,1.361500285,0.6062208,167.830374,0.145196848,429.3479467,2.787940531,112.9155478,0.749668675,0.041379577,24.28214089,10.56970717,40.19005496
2020/3/12,12,39511175.1,466.1400834,350.1329708,1.842646106,0.820817387,228.7586889,0.20125996,581.7563832,3.799810466,152.4084365,1.011869935,0.056063112,32.77496364,14.26652553,54.45658048
2020/3/13,13,39510806.36,629.1728713,472.5936255,2.491417451,1.110165762,310.9978328,0.277116749,787.4701583,5.165588109,205.7137751,1.365777643,0.075856789,44.23816145,19.2562885,73.71286898
2020/3/14,14,39510308.64,849.2231168,637.8842004,3.366527533,1.500445981,422.0010769,0.379667656,1065.131918,7.009051176,277.6617602,1.843463067,0.102550907,59.71054775,25.99113724,99.70400622
2020/3/15,15,39509636.87,1146.228742,860.9828269,4.547210758,2.026989356,571.8282859,0.518229224,1439.903542,9.497265283,374.7716237,2.488214107,0.138561568,80.59418334,35.0813187,134.7853249
2020/3/16,16,39508730.16,1547.097179,1162.10458,6.14039868,2.737478353,774.0572678,0.705378642,1945.745103,12.85571883,505.841561,3.358453543,0.187149418,108.7813446,47.35040728,182.1357322
2020/3/17,17,39507506.37,2088.140262,1568.531875,8.290405694,3.696265673,1047.013918,0.958093799,2628.490559,17.3887521,682.7454555,4.533033276,0.252715158,146.8258618,63.9098838,246.045616
2020/3/18,18,39505854.65,2818.356663,2117.083004,11.19199311,4.99019989,1415.431565,1.299291354,3549.996053,23.50711418,921.5054946,6.118362077,0.341197555,198.1741917,86.25954022,332.3051562
2020/3/19,19,39503625.4,3803.859295,2857.442851,15.10800188,6.736488439,1912.690752,1.7599031,4793.737996,31.76515915,1243.741943,8.258044975,0.460611746,267.4771968,116.4231888,448.728345
2020/3/20,20,39500616.8,5133.841541,3856.654024,20.39313648,9.093303743,2583.840687,2.381677567,6472.362828,42.91102351,1678.624832,11.14586435,0.621774466,361.0105472,157.1313541,605.8596991
2020/3/21,21,39496556.52,6928.612329,5205.169737,27.52603639,12.27408522,3489.674021,3.220959286,8737.864838,57.95429609,2265.50201,15.04327258,0.839281719,487.2413142,212.0672778,817.9269769
2020/3/22,22,39491077.28,9350.413755,7025.012369,37.15253432,16.56683026,4712.223862,4.353788965,11795.30938,78.25730715,3057.444546,20.30301106,1.13282968,657.5916699,286.1987935,1104.12577
2020/3/23,23,39483735.56,12574.22246,9473.174882,50.13824601,22.35763178,6361.668765,5.882738547,15913.22226,105.6497665,4117.91288,27.3924594,1.528949581,886.7572842,385.4662547,1489.592025
2020/3/24,24,39474418,16440.84132,12679.41485,67.56744714,30.13127281,8579.095613,7.945088781,21364.15427,142.4742146,5450.932003,36.82444801,2.062350234,1186.884399,510.2464294,1999.838455
2020/3/25,25,39462766.06,21046.31659,16741.9388,90.60964381,40.4143271,11526.93807,10.71833625,28410.61918,191.4261317,7046.464912,48.95191713,2.77324747,1567.165851,659.5997821,2659.438237
2020/3/26,26,39448466.95,26417.98302,21761.19303,120.5003736,53.76674738,15388.1819,14.42286887,37338.06492,255.5404924,8927.445739,64.1143607,3.704532618,2037.004137,835.6731124,3495.111349
2020/3/27,27,39431280.78,32513.03954,27816.18727,158.5102118,70.76831648,20364.39464,19.32417469,48429.18461,338.1587476,11091.11969,82.61825521,4.901305824,2603.795135,1038.208552,4533.319901
2020/3/28,28,39411079.97,39207.64334,34942.57473,205.8688632,91.98546888,26669.22074,25.73313089,61935.38294,442.8203266,13506.19833,104.661579,6.408956199,3270.876244,1264.277278,5797.597178
2020/3/29,29,39387892.95,46285.94905,43111.06062,263.6516053,117.9213813,34517.46778,34.00296849,78044.10435,573.0808636,16108.72142,130.2605369,8.269837601,4035.505257,1507.892151,7305.48933
2020/3/30,30,39361946.06,53434.26427,52206.6148,332.6348552,148.9520838,44109.94756,44.52172178,96842.67102,732.2599726,18798.56667,159.179109,10.51875329,4886.914528,1759.681008,9065.170338
2020/3/31,31,39333695.22,60245.68162,62011.52717,413.1292923,185.2521354,55614.49328,57.69928176,118282.1012,923.1256625,21439.43014,190.8656899,13.17755998,5804.724826,2006.884817,11072.05516
2020/4/1,32,39303840.73,66237.62033,72195.19501,504.8041858,226.7156698,69143.9891,73.94806617,142144.652,1147.529415,23862.55087,224.4037525,16.24878441,6757.98936,2233.706341,13305.7615
2020/4/2,33,39273316.1,70885.57165,82314.72346,606.5252759,272.8825914,84733.54149,93.65786768,168021.3307,1406.027395,25876.67866,258.4979802,19.70980151,7705.249985,2422.243184,15728.00468
2020/4/3,34,39243246.7,73671.42594,91829.55645,716.2302889,322.8804667,102319.0384,117.165335,195304.871,1697.525216,27283.54027,291.4978204,23.50746733,8595.906768,2553.935546,18281.94023
2020/4/4,35,39214876.07,74143.52673,100132.2431,830.8703242,375.3946473,121720.1741,144.7198888,223203.402,2018.997446,27898.53108,321.4722301,27.55455382,9373.097934,2611.503108,20893.44334
2020/4/5,36,39189462.03,71982.86059,106595.2345,946.4444729,428.6789181,142631.3074,176.448919,250778.1141,2365.337811,27574.71212,346.3403655,31.72903016,9978.080401,2581.191325,23474.63466
2020/4/6,37,39167491.71,67616.3594,110733.424,1058.228123,480.6505847,164630.2978,212.3265609,277114.927,2729.508948,26336.81288,364.1711369,35.87764192,10365.44469,2465.315056,25939.94972
2020/4/7,38,39144898.75,65134.07749,112977.9182,1161.872523,529.363855,187268.8592,252.1613079,302190.175,3104.050263,25075.248,374.5413146,39.83474699,10575.54549,2347.223512,28287.17323
2020/4/8,39,39121973.21,63705.21303,114162.3735,1255.347487,573.8570747,210257.3553,295.6453916,326544.5788,3484.156106,24354.40379,380.1058431,43.48408366,10686.41903,2279.747311,30566.92054
2020/4/9,40,39098878.05,62864.62244,114753.0074,1338.261706,613.8759835,233432.7505,342.4270731,350480.3227,3867.135496,23935.74387,382.9793905,46.78168151,10741.7066,2240.557732,32807.47827
2020/4/10,41,39075705.11,62351.86937,115010.3829,1411.041498,649.528259,256702.9126,392.1517802,374166.0171,4251.479939,23685.69442,384.3444428,49.72470711,10765.7988,2217.151305,35024.62958
2020/4/11,42,39052506.42,62021.10398,115079.9988,1474.484284,681.0941507,280015.4183,444.4824608,397695.478,4636.341572,23529.46089,384.8616325,52.33068063,10772.31535,2202.526724,37227.1563
2020/4/12,43,39029311.74,61790.62681,115042.9874,1529.520255,708.9240945,303340.0888,499.1086206,421120.6291,5021.241224,23425.15112,384.8996523,54.62615983,10768.85081,2192.762579,39419.91888
2020/4/13,44,39006138.42,61614.64234,114944.5049,1577.088935,733.3845388,326659.206,555.7493226,444469.9337,5405.905045,23349.3046,384.6638208,56.64070201,10759.63214,2185.6628,41605.58168
2020/4/14,45,38982996.82,61467.48925,114809.5778,1618.079,754.8305032,349962.0481,614.1530461,467758.6885,5790.173416,23288.75476,384.2683712,58.40372344,10747.002,2179.994899,43785.57658
2020/4/15,46,38959893.42,61334.76346,114652.0183,1653.30188,773.5925708,373241.812,674.096035,490994.8208,6173.949796,23236.13231,383.7763807,59.94298892,10732.2533,2175.06906,45960.64564
2020/4/16,47,38936832.5,61208.38492,114479.3748,1683.483711,789.9718511,396493.9026,735.3799741,514182.1128,6557.172403,23187.29205,383.2226068,61.28393908,10716.09262,2170.49726,48131.1429
2020/4/17,48,38913817.16,61083.8101,114295.7246,1709.266349,804.2390083,419714.9657,797.8294774,537322.0251,6939.798304,23139.91231,382.6259011,62.44950335,10698.90164,2166.062175,50297.20507
2020/4/18,49,38890849.81,60958.48317,114103.2226,1731.212948,816.6354338,442902.3508,861.2896028,560414.7114,7321.79467,23092.68623,381.996366,63.46012541,10680.88207,2161.641475,52458.84655
2020/4/19,50,38867932.44,60830.96612,113902.9672,1749.815232,827.3753473,466053.8083,925.6235415,583459.5896,7703.133936,23044.87823,381.3392658,64.33393862,10662.13673,2157.166302,54616.01285
2020/4/20,51,38845066.88,60700.45808,113695.4759,1765.501229,836.6482635,489167.3232,990.7105151,606455.6592,8083.791196,22996.06955,380.6572594,65.08697361,10642.71405,2152.597459,56768.61031
2020/4/21,52,38822254.8,60566.49689,113480.9784,1778.642863,844.6215342,512241.0116,1056.443835,629401.6982,8463.742637,22946.03905,379.9514413,65.73332032,10622.63554,2147.914244,58916.52455
2020/4/22,53,38799497.82,60428.83535,113259.5346,1789.563013,851.442811,535273.0774,1122.729214,652296.347,8842.964968,22894.64877,379.2223313,66.28537832,10601.90681,2143.103745,61059.6283
2020/4/23,54,38776797.48,60287.3383,113031.133,1798.541658,857.2422252,558261.7769,1189.483276,675138.1771,9221.434946,22841.83011,378.469978,66.75406205,10580.52678,2138.159538,63197.78784
2020/4/24,55,38754155.34,60141.938,112795.7305,1805.821512,862.1344386,581205.4039,1256.632228,697925.7226,9599.12923,22787.54548,377.6942837,67.14895215,10558.49141,2133.078107,65330.86594
2020/4/25,56,38731572.89,59992.60627,112553.2759,1811.612978,866.2204761,604102.2798,1324.110681,720657.4998,9976.024318,22731.77724,376.8950886,67.47845334,10535.79592,2127.857799,67458.72374
2020/4/26,57,38709051.64,59839.33832,112303.7228,1816.098401,869.5893313,626950.7484,1391.860635,743332.0196,10352.09654,22674.51981,376.0722247,67.74995333,10512.43596,2122.498092,69581.22183
2020/4/27,58,38686593.06,59682.14479,112047.0343,1819.435709,872.319358,649749.1737,1459.830602,765947.7937,10727.3221,22615.77412,375.2255525,67.96996768,10488.40807,2116.999072,71698.22091
2020/4/28,59,38664198.61,59521.04539,111783.1862,1821.761861,874.4796149,672495.9378,1527.974775,788503.3403,11101.67706,22555.54658,374.3549665,68.14417287,10463.70999,2111.361342,73809.58225
2020/4/29,60,38641869.75,59356.06697,111512.1667,1823.195567,876.1309433,695189.4407,1596.252355,810997.1862,11475.13747,22493.8459,373.4604078,68.2775796,10438.34061,2105.585715,75915.16796
2020/4/30,61,38619607.89,59187.24165,111233.9758,1823.839751,877.3269599,717828.0998,1664.626941,833427.8692,11847.67933,22430.68303,372.5418591,68.37458639,10412.29995,2099.673215,78014.84118
2020/5/1,62,38597414.45,59014.60502,110948.6257,1823.783632,878.1149055,740410.3499,1733.066011,855793.9402,12219.27867,22366.07096,371.5993384,68.43907001,10385.58912,2093.625061,80108.46624
2020/5/2,63,38575290.84,58838.19563,110656.139,1823.104727,878.5364785,762934.6435,1801.540409,878093.9641,12589.91157,22300.02392,370.6329057,68.47439812,10358.21027,2087.442584,82195.90882
2020/5/3,64,38553238.42,58658.05502,110356.5476,1821.870267,878.6284373,785399.4507,1870.023982,900326.5209,12959.55423,22232.5568,369.6426535,68.48357225,10330.16635,2081.127176,84277.036
2020/5/4,65,38531258.57,58474.22674,110049.8921,1820.138589,878.4231954,807803.2596,1938.493213,922490.2067,13328.18293,22163.68576,368.6287019,68.46923188,10301.46119,2074.680352,86351.71635
2020/5/5,66,38509352.57,58286.80009,109736.2211,1817.960392,877.9493663,830144.575,2006.926895,944583.6328,13695.7741,22093.4261,367.5911738,68.43368196,10272.09933,2068.103542,88419.81989
2020/5/6,67,38487495.82,58117.45505,109419.6587,1815.382601,877.2333843,852422.144,2075.30582,966609.7246,14062.30808,22026.09175,366.5339792,68.3789249,10242.46682,2061.800563,90481.62046
2020/5/7,68,38465591.21,58041.36766,109120.9515,1812.471322,876.309665,874637.0723,2143.613088,988590.4179,14427.80438,21980.69332,365.4962961,68.30726773,10214.50568,2057.550943,92539.1714
2020/5/8,69,38443633.29,58033.86047,108863.8865,1809.338875,875.2323246,896795.5541,2211.83531,1010555.847,14792.36712,21965.42925,364.5627415,68.22222221,10190.44254,2056.122116,94595.29351
2020/5/9,70,38421613.31,58080.59215,108661.6716,1806.121549,874.065752,918907.2745,2279.963488,1032529.097,15156.15833,21973.24977,363.7912153,68.12817754,10171.51378,2056.854173,96652.14769
2020/5/10,71,38399519.89,58174.09398,108521.1054,1802.958676,872.8760845,940984.0837,2347.994207,1054529.018,15519.37574,21999.92121,363.2174102,68.03071887,10158.35577,2059.350812,98711.4985
2020/5/11,72,38377340.67,58309.91163,108446.0407,1799.982163,871.7262485,963038.74,2415.92877,1076572.418,15882.23186,22043.39979,362.8561196,67.93456296,10151.32918,2063.42072,100774.9192
2020/5/12,73,38355062.51,58485.67451,108438.4283,1797.312458,870.6743842,985084.6292,2483.773319,1098674.818,16244.94932,22102.39971,362.7174596,67.84454995,10150.61659,2068.943537,102843.8628
2020/5/13,74,38332671.83,58700.09678,108499.2595,1795.057091,869.7730738,1007135.445,2551.538317,1120851.073,16607.75557,22176.25563,362.8062473,67.7649971,10156.31084,2075.856981,104919.7197
2020/5/14,75,38310154.44,58952.8202,108629.0668,1793.310981,869.069384,1029205.051,2619.238079,1143115.736,16970.88059,22264.66279,363.125018,67.69976244,10168.46173,2084.132528,107003.8523
2020/5/15,76,38287496.13,59243.6097,108828.2047,1792.157243,868.6051469,1051307.4,2686.890369,1165483.257,17334.55564,22367.52132,363.6750468,67.65228985,10187.10247,2093.760825,109097.6131
2020/5/16,77,38264682.45,59572.53616,109096.8845,1791.66859,868.4175105,1073456.524,2754.516009,1187968.01,17699.01304,22484.75303,364.4574032,67.62563984,10212.25283,2104.734556,111202.3476
2020/5/17,78,38241698.27,59940.14842,109435.4651,1791.908917,868.5395723,1095666.527,2822.138481,1210584.58,18064.48617,22616.56913,365.4731327,67.62247216,10243.94641,2117.073491,113319.4211
2020/5/18,79,38218528.66,60346.56878,109844.3901,1792.934828,869.0010328,1117951.665,2889.783758,1233347.774,18431.21071,22763.19494,366.7245376,67.64527666,10282.22473,2130.798721,115450.2199
2020/5/19,80,38195158.19,60792.66276,110323.9914,1794.794299,869.8275736,1140326.054,2957.479807,1256272.147,18799.41993,22924.37216,368.2092171,67.69604941,10327.11886,2145.886068,117596.1059
2020/5/20,81,38169044.05,63385.61861,111267.4663,1797.840829,871.1763689,1162831.588,3025.259315,1279793.331,19169.81001,23521.18397,370.390084,67.77950766,10415.43489,2201.751945,119797.8579
2020/5/21,82,38142650.08,65398.21161,112811.7471,1803.272283,873.5722336,1185592.937,3093.184215,1304174.713,19544.45545,24381.38195,374.6454432,67.92490036,10559.99068,2282.27266,122080.1305
2020/5/22,83,38115869.27,67100.8374,114699.7354,1811.767347,877.3222949,1208702.713,3161.35171,1329252.89,19924.89334,25078.17726,380.437891,68.16749542,10736.71997,2347.497712,124427.6282
2020/5/23,84,38088639.99,68641.61311,116790.674,1823.496008,882.5158767,1232214.836,3229.873609,1354941.396,20312.01433,25688.50617,387.120989,68.52189891,10932.44685,2404.628886,126832.2571
2020/5/24,85,38060925.4,70101.73194,119007.4535,1838.376875,889.1325582,1256162.037,3298.863684,1381195.864,20706.35555,26254.46763,394.3412187,68.99007426,11139.95335,2457.606948,129289.8641
2020/5/25,86,38032702.33,71525.641,121307.8841,1856.213842,897.0999476,1280565.397,3368.431518,1407995.027,21108.26026,26799.16308,401.9047091,69.56783437,11355.2902,2508.594359,131798.4584
2020/5/26,87,38003955.08,72937.66953,123668.8624,1876.768282,906.3245264,1305439.612,3438.679761,1435330.247,21517.96577,27335.22053,409.7055045,70.24824354,11576.29474,2558.773191,134357.2316
2020/5/27,88,37974672.1,74351.11243,126077.7222,1899.795731,916.7076071,1330795.86,3509.703197,1463199.789,21935.65138,27869.54182,417.6856096,71.02343578,11801.78133,2608.789505,136966.0211
2020/5/28,89,37944844.13,75773.16458,128527.535,1925.06348,928.1532295,1356643.362,3581.588728,1491605.703,22361.46439,28405.9136,425.8130149,71.88553076,12031.10143,2658.997761,139625.0189
2020/5/29,90,37914463.22,77207.72777,131014.4371,1952.358542,940.5719709,1382990.265,3654.415797,1520552.049,22795.53481,28946.34612,434.0704217,72.82706921,12263.89334,2709.58613,142334.605
2020/5/30,91,37883522.18,78656.82574,133536.2819,1981.489785,953.8822268,1409844.087,3728.257002,1550043.998,23237.98269,29491.94956,442.4478731,73.84120464,12499.95615,2760.658535,145095.2636
2020/5/31,92,37852014.24,80121.49422,136091.7923,2012.287974,968.0105609,1437211.993,3803.178759,1580087.262,23688.92265,30043.26405,450.9399677,74.92175734,12739.1703,2812.265536,147907.5291
2020/6/1,93,37819932.99,81602.17921,138680.1812,2044.604116,982.8912803,1465100.913,3879.241964,1610687.832,24148.46591,30600.56958,459.5432571,76.06320472,12981.46211,2864.43334,150771.9624
2020/6/2,94,37787272.2,83099.00136,141300.8983,2078.307872,998.4659847,1493517.625,3956.50252,1641851.799,24616.72143,31163.96756,468.2555212,77.26055605,13226.78008,2917.171442,153689.1339
2020/6/3,95,37754025.84,84611.90124,143953.4951,2113.284706,1014.682564,1522468.789,4035.012104,1673585.263,25093.79661,31733.46358,477.0751835,78.50958401,13475.08222,2970.480365,156659.6142
2020/6/4,96,37720188.02,86140.69967,146637.5648,2149.434381,1031.494692,1551960.963,4114.818521,1705894.275,25579.79743,32309.0123,486.000815,79.80641677,13726.33043,3024.355864,159683.9701
2020/6/5,97,37685753.06,87685.13518,149352.7053,2186.669272,1048.861227,1582000.607,4195.966094,1738784.809,26074.82845,32890.53361,495.031022,81.14757358,13980.48711,3078.790439,162762.7605
2020/6/6,98,37650715.38,89244.89958,152098.4852,2224.912556,1066.745545,1612594.084,4278.496095,1772262.724,26578.99289,33477.91456,504.1644348,82.5300006,14237.51185,3133.77352,165896.5341
2020/6/7,99,37615069.6,90819.644,154874.4392,2264.096464,1085.114873,1643747.658,4362.447145,1806333.756,27092.39248,34071.03203,513.3995901,83.95104968,14497.36111,3189.29358,169085.8276
2020/6/8,100,37578810.52,92408.98066,157680.0622,2304.161388,1103.939959,1675467.481,4447.855386,1841003.5,27615.12729,34669.74425,522.7348146,85.40824101,14759.98759,3245.337349,172331.165
2020/6/9,101,37541933.1,94012.49206,160514.8066,2345.054075,1123.194343,1707759.599,4534.754944,1876277.408,28147.29576,35273.90864,532.1684655,86.89955821,15025.34005,3301.891479,175633.0565
2020/6/10,102,37504432.51,95629.72921,163378.0748,2386.727406,1142.854297,1740629.928,4623.177902,1912160.763,28688.99432,35883.3543,541.6985585,88.42295864,15293.36254,3358.939975,178991.9964
2020/6/11,103,37466304.13,97260.21088,166269.218,2429.139509,1162.898476,1774084.248,4713.154485,1948658.659,29240.31721,36497.89579,551.3228951,89.97658256,15563.99433,3416.465477,182408.4619
2020/6/12,104,37427543.56,98903.42825,169187.5397,2472.252179,1183.307246,1808128.201,4804.71348,1985776.014,29801.35654,37117.3551,561.0393337,91.55899464,15837.17023,3474.451323,185882.9132
2020/6/13,105,37388146.61,100558.8429,172132.2924,2516.030731,1204.062628,1842767.28,4897.882223,2023517.548,30372.20201,37741.53394,570.8454616,93.1687435,16112.82025,3532.878951,189415.7922
2020/6/14,106,37348109.34,102225.8858,175102.6767,2560.443468,1225.148074,1878006.815,4992.686706,2061887.77,30952.94068,38370.22208,580.7386769,94.80448311,16390.86958,3591.728681,193007.5209
2020/6/15,107,37307428.07,103903.9581,178097.8407,2605.461087,1246.548212,1913851.966,5089.1517,2100890.968,31543.6569,39003.19848,590.7162188,96.46499354,16671.23847,3650.979823,196658.5007
2020/6/16,108,37266099.37,105592.4312,181116.879,2651.05626,1268.248667,1950307.714,5187.300834,2140531.199,32144.43205,39640.23072,600.7751495,98.14913435,16953.84216,3710.610622,200369.1113
2020/6/17,109,37224120.08,107290.6458,184158.8328,2697.203259,1290.235886,1987378.845,5287.15667,2180812.274,32755.3444,40281.07523,610.9123504,99.85583538,17238.59091,3770.598276,204139.7096
2020/6/18,110,37181487.34,108997.9119,187222.6891,2743.87762,1312.496996,2025069.946,5388.740754,2221737.751,33376.46892,40925.47673,621.1245235,101.5840842,17525.38989,3830.91889,207970.6285
2020/6/19,111,37138198.57,110713.5095,190307.38,2791.055861,1335.019666,2063385.39,5492.073669,2263310.919,34007.87711,41573.16835,631.4081895,103.3329149,17814.13914,3891.547482,211862.176
2020/6/20,112,37094251.52,112436.6875,193411.7827,2838.71523,1357.791995,2102329.326,5597.175067,2305534.791,34649.6368,42223.87173,641.7596841,105.101398,18104.73355,3952.457998,215814.634
2020/6/21,113,37049644.25,114166.6642,196534.7189,2886.833485,1380.802408,2141905.669,5704.063699,2348412.088,35301.81196,42877.29691,652.1751589,106.8886324,18397.06284,4013.623293,219828.2573
2020/6/22,114,37004375.14,115902.6277,199674.9548,2935.38871,1404.039561,2182118.09,5812.757437,2391945.23,35964.46254,43533.14229,662.6505798,108.6937376,18691.0115,4075.015135,223903.2724
2020/6/23,115,36958442.94,117643.7351,202831.2006,2984.359146,1427.492268,2222970,5923.273284,2436136.325,36637.64426,44191.09475,673.1817262,110.515847,18986.4588,4136.604217,228039.8766
2020/6/24,116,36911846.73,119389.1138,206002.1106,3033.72305,1451.149422,2264464.544,6035.627385,2480987.155,37321.40845,44850.8297,683.7641901,112.3541018,19283.27878,4198.360152,232238.2368
2020/6/25,117,36864585.97,121137.8608,209186.2833,3083.458573,1474.99994,2306604.589,6149.835032,2526499.166,38015.80183,45512.01114,694.3933771,114.2076463,19581.34024,4260.251489,236498.4883
2020/6/26,118,36816660.5,122889.0437,212382.2613,3133.543646,1499.032701,2349392.709,6265.910655,2572673.457,38720.86634,46174.29177,705.0645053,116.0756232,19880.50675,4322.245718,240820.734
2020/6/27,119,36768070.53,124641.7006,215588.5315,3183.955895,1523.236502,2392831.179,6383.867824,2619510.771,39436.63894,46837.31315,715.7726068,117.9571693,20180.6367,4384.309286,245205.0433
2020/6/28,120,36718816.68,126394.8411,218803.5256,3234.672557,1547.600014,2436921.959,6503.719237,2667011.476,40163.15147,47500.70584,726.5125279,119.8514125,20481.58326,4446.407612,249651.4509
2020/6/29,121,36668899.99,128147.4463,222025.6205,3285.670409,1572.111744,2481666.687,6625.476705,2715175.566,40900.4304,48164.08962,737.2789309,121.7574683,20783.19451,4508.505104,254159.956
2020/6/30,122,36618321.89,129898.47,225253.1388,3336.925717,1596.760005,2527066.664,6749.151143,2764002.64,41648.4967,48827.07372,748.0662954,123.6744377,21085.31343,4570.565183,258730.5212
2020/7/1,123,36567084.26,131646.8388,228484.3494,3388.414179,1621.532886,2573122.848,6874.752547,2813491.897,42407.36562,49489.25706,758.8689207,125.6014043,21387.77798,4632.550305,263363.0715
2020/7/2,124,36515189.42,133391.4537,231717.4686,3440.110889,1646.418232,2619835.838,7002.28998,2863642.125,43177.04655,50150.22854,769.680928,127.5374329,21690.42119,4694.421987,268057.4935
2020/7/3,125,36462640.11,135131.1904,234950.6617,3491.990314,1671.403621,2667205.872,7131.771562,2914451.699,43957.5429,50809.57371,780.4963559,129.481582,21993.0713,4756.141436,272813.6349
2020/7/4,126,36409439.57,136864.8993,238182.0399,3544.026209,1696.476335,2715232.788,7263.204375,2965918.535,44748.8515,51466.83599,791.3085956,131.4328134,22295.55154,4817.665912,277631.3008
2020/7/5,127,36355591.45,138591.4091,241409.6688,3596.191691,1721.623373,2763916.061,7396.594564,3018040.139,45550.96316,52121.60425,802.1116578,133.3901892,22597.68081,4878.956929,282510.2577
2020/7/6,128,36301099.91,140309.5262,244631.5648,3648.45916,1746.831423,2813254.76,7531.947231,3070813.563,46363.86203,52773.42317,812.8988759,135.3526666,22899.27345,4939.971867,287450.2296
2020/7/7,129,36245969.57,142018.0363,247845.6977,3700.800305,1772.086856,2863247.546,7669.266423,3124235.398,47187.52554,53421.8353,823.6635108,137.3191916,23200.1394,5000.667904,292450.8975
2020/7/8,130,36190205.49,143715.7066,251049.9948,3753.186137,1797.375741,2913892.688,7808.55517,3178301.8,48021.92461,54066.40229,834.3990692,139.2887471,23500.08464,5061.004009,297511.9015
2020/7/9,131,36133813.28,145401.2857,254242.3384,3805.586917,1822.683803,2965188.009,7949.815356,3233008.434,48867.02285,54706.63367,845.0982412,141.2601862,23798.91096,5120.93427,302632.8358
2020/7/10,132,36076799.04,147073.5045,257420.5676,3857.972151,1847.996427,3017130.874,8093.047672,3288350.458,49722.7763,55342.02428,855.7534523,143.2323164,24096.41606,5180.411399,307813.2472
2020/7/11,133,36019169.34,148731.0798,260582.4855,3910.310683,1873.29869,3069718.231,8238.251724,3344322.578,50589.13414,55972.11993,866.3578357,145.2040514,24392.39432,5239.392883,313052.6401
2020/7/12,134,35960931.27,150372.7157,263725.8597,3962.570674,1898.575352,3122946.586,8385.425955,3400919.017,51466.03823,56596.43944,876.9040866,147.1742309,24686.63674,5297.833678,318350.4737
2020/7/13,135,35902092.42,151997.1041,266848.4209,4014.719565,1923.810838,3176811.955,8534.567526,3458133.474,52353.4224,57214.45667,887.384174,149.1415717,24978.93092,5355.684535,323706.1583
2020/7/14,136,35842660.89,153602.9283,269947.8714,4066.724181,1948.989281,3231309.924,8685.672451,3515959.181,53251.21335,57825.70733,897.7909496,151.1049251,25269.06178,5412.901992,329119.0603
2020/7/15,137,35782645.27,155188.8631,273021.8846,4118.5507,1974.09451,3286435.599,8838.73547,3574388.864,54159.32989,58429.68247,908.1165388,153.0630184,25556.81152,5469.438407,334588.4987
2020/7/16,138,35722054.67,156753.5782,276068.1084,4170.164698,1999.110066,3342183.616,8993.750062,3633414.749,55077.68309,59025.88513,918.3532054,155.0145921,25841.95996,5525.247264,340113.7459
2020/7/17,139,35660898.71,158295.7398,279084.1679,4221.531161,2024.019206,3398548.127,9150.708397,3693028.554,56006.17605,59613.80511,928.4929528,156.9583355,26124.28482,5580.280801,345694.0267
2020/7/18,140,35599187.5,159814.0121,282067.6695,4272.614528,2048.804925,3455522.801,9309.601329,3753221.491,56944.70385,60192.93728,938.5278035,158.8929314,26403.56202,5634.491737,351328.5185
2020/7/19,141,35536931.67,161307.0601,285016.2039,4323.378723,2073.449965,3513100.817,9470.418371,3813984.268,57893.15357,60762.77628,948.4497235,160.8170422,26679.56604,5687.832763,357016.3512
2020/7/20,142,35474142.36,162773.5516,287927.3495,4373.787194,2097.936837,3571274.864,9633.147683,3875307.085,58851.40421,61322.81731,958.2506326,162.7293116,26952.0702,5740.256631,362756.6079
2020/7/21,143,35410831.2,164212.1599,290798.6763,4423.802957,2122.247835,3630037.139,9797.776049,3937179.642,59819.32662,61872.55718,967.9224155,164.628366,27220.84704,5791.716236,368548.3241
2020/7/22,144,35347010.3,165621.5656,293627.7494,4473.388633,2146.365057,3689379.345,9964.288864,3999591.137,60796.78356,62411.49514,977.4569346,166.5128158,27485.66863,5842.164704,374390.4888
2020/7/23,145,35282692.27,167000.4592,296412.1333,4522.5065,2170.270426,3749292.691,10132.67012,4062530.271,61783.6296,62939.13367,986.8460431,168.381257,27746.30697,5891.555464,380282.0443
2020/7/24,146,35217890.21,168347.5436,299149.3952,4571.118538,2193.945711,3809767.889,10302.90239,4125985.25,62779.7112,63454.97948,996.0815977,170.2322728,28002.53437,5939.842341,386221.8866
2020/7/25,147,35152617.67,169661.5364,301837.1098,4619.18648,2217.372551,3870795.159,10474.96683,4189943.795,63784.86667,63958.5444,1005.155472,172.0644356,28254.12378,5986.979639,392208.8663
2020/7/26,148,35086888.69,170941.1723,304472.8629,4666.671867,2240.532478,3932364.231,10648.84314,4254393.141,64798.92624,64449.34629,1014.059572,173.8763089,28500.84922,6032.922224,398241.7885
2020/7/27,149,35020717.74,172185.2057,307054.2559,4713.536101,2263.406943,3994464.343,10824.50959,4319320.051,65821.71209,64926.90997,1022.785845,175.6664488,28742.48618,6077.625618,404319.4141
2020/7/28,150,34954119.77,173392.4131,309578.9102,4759.740502,2285.977345,4057084.248,11001.94299,4384710.819,66853.03839,65390.76815,1031.326302,177.4334065,28978.81197,6121.04608,410440.4602
2020/7/29,151,34887110.12,174561.5955,312044.4711,4805.246369,2308.225051,4120212.22,11181.11872,4450551.282,67892.71141,65840.46237,1039.673025,179.1757302,29209.6062,6163.140692,416603.6009
2020/7/30,152,34819704.59,175691.5808,314448.6127,4850.015038,2330.131434,4183836.056,11362.01069,4516826.826,68940.5296,66275.54393,1047.818184,180.8919674,29434.65113,6203.867454,422807.4683
2020/7/31,153,34751919.37,176781.2266,316789.0418,4894.007945,2351.677892,4247943.081,11544.59136,4583522.4,69996.28365,66695.57476,1055.754052,182.580667,29653.73212,6243.185361,429050.6537
2020/8/1,154,34683771.05,177829.4224,319063.5033,4937.186696,2372.845888,4312520.155,11728.83172,4650622.523,71059.75656,67100.12241,1063.472912,184.2403603,29866.63808,6281.053929,435331.7076
2020/8/2,155,34615276.59,178835.0899,321269.7811,4979.513106,2393.616967,4377553.709,11914.70142,4718111.322,72130.72433,67488.79934,1070.967766,185.8696994,30073.16154,6317.436884,441649.1445
2020/8/3,156,34546453.3,179797.1887,323405.7068,5020.949291,2413.972795,4443029.71,12102.1686,4785972.508,73208.95527,67861.18569,1078.230945,187.4671867,30273.09955,6352.294925,448001.4394
2020/8/4,157,34477318.9,180714.7196,325469.1652,5061.457747,2433.8952,4508933.661,12291.19992,4854189.379,74294.21011,68216.87101,1085.254841,189.0313146,30466.25409,6385.589628,454387.029
2020/8/5,158,34407891.39,181586.721,327458.0941,5101.001384,2453.366188,4575250.667,12481.76068,4922744.889,75386.24304,68555.51031,1092.032926,190.5607635,30652.43214,6417.288701,460804.3177
2020/8/6,159,34338189.08,182412.2743,329370.4894,5139.543598,2472.367978,4641965.425,12673.81484,4991621.641,76484.80152,68876.75223,1098.558482,192.0541592,30831.44609,6447.359255,467251.677
2020/8/7,160,34268230.61,183190.5095,331204.4136,5177.048386,2490.883052,4709062.206,12867.32488,5060801.876,77589.626,69180.23455,1104.824475,193.5100358,31003.11458,6475.767382,473727.4444
2020/8/8,161,34198034.86,183920.6003,332957.9931,5213.480341,2508.89416,4776524.915,13062.25201,5130267.535,78700.45096,69465.65911,1110.824965,194.9271308,31167.26223,6502.485174,480229.9296
2020/8/9,162,34127620.98,184601.7696,334629.427,5248.804763,2526.384363,4844337.079,13258.5561,5200000.251,79817.00464,69732.71604,1116.553675,196.3040885,31323.72046,6527.483623,486757.4132
2020/8/10,163,34057008.34,185233.292,336216.9896,5282.987722,2543.337075,4912481.861,13456.1957,5269981.371,80939.00934,69981.12043,1122.004698,197.6396022,31472.32773,6550.73606,493308.1492
2020/8/11,164,33986216.52,185814.4915,337719.0297,5315.996072,2559.736061,4980942.101,13655.12816,5340191.991,82066.18201,70210.61992,1127.172672,198.9324622,31612.92949,6572.218862,499880.3681
2020/8/12,165,33915265.3,186344.7479,339133.9825,5347.797598,2575.565512,5049700.293,13855.30953,5410612.948,83198.23396,70420.95697,1132.051956,200.1813657,31745.37924,6591.907922,506472.276
2020/8/13,166,33844174.66,186823.4997,340460.3739,5378.361102,2590.81008,5118738.602,14056.69455,5481224.841,84334.8711,70611.89282,1136.637141,201.3850273,31869.53902,6609.78089,513082.0569
2020/8/14,167,33772964.68,187250.2382,341696.8151,5407.656364,2605.454869,5188038.92,14259.23691,5552008.083,85475.79489,70783.24166,1140.923785,202.5423516,31985.2788,6625.820374,519707.8773
2020/8/15,168,33701655.58,187624.5115,342842.008,5435.654233,2619.485473,5257582.87,14462.88912,5622942.906,86620.70233,70934.82362,1144.907445,203.6522155,32092.47709,6640.009536,526347.8868
2020/8/16,169,33630267.69,187945.9315,343894.7557,5462.326787,2632.888051,5327351.801,14667.60257,5694009.375,87769.286,71066.46813,1148.583663,204.7134494,32191.02185,6652.332408,533000.2192
2020/8/17,170,33558821.41,188214.1651,344853.9537,5487.647236,2645.64929,5397326.846,14873.32764,5765187.424,88921.23487,71178.04974,1151.948869,205.7250732,32280.80968,6662.777249,539662.9965
2020/8/18,171,33487337.18,188428.9405,345718.5995,5511.590071,2657.756467,5467488.915,15080.0137,5836456.875,90076.23432,71269.45078,1154.999453,206.6860567,32361.74675,6671.333043,546334.3295
2020/8/19,172,33415835.5,188590.0476,346487.7939,5534.131108,2669.197477,5537818.724,15287.60914,5907797.455,91233.96656,71340.58031,1157.732236,207.5954373,32433.74887,6677.991279,553012.3208
2020/8/20,173,33344336.84,188697.3346,347160.7363,5555.247455,2679.960817,5608296.822,15496.06149,5979188.828,92394.11106,71391.37219,1160.144508,208.4523472,32496.74111,6682.745764,559695.0666
2020/8/21,174,33272861.68,188750.7139,347736.7376,5574.917696,2690.035671,5678903.597,15705.31737,6050610.605,93556.3447,71421.77749,1162.23364,209.2558816,32550.65898,6685.591919,566380.6585
2020/8/22,175,33201430.46,188750.1634,348215.2234,5593.12196,2699.41195,5749619.298,15915.32255,6122042.377,94720.34207,71431.77234,1163.997362,210.0051804,32595.44869,6686.527509,573067.186
2020/8/23,176,33130063.54,188695.7191,348595.7219,5609.841804,2708.08023,5820424.075,16126.02209,6193463.741,95885.77617,71421.36387,1165.434103,210.699547,32631.06608,6685.553201,579752.7392
2020/8/24,177,33058781.2,188587.4778,348877.8703,5625.060305,2716.031805,5891297.995,16337.36038,6264854.317,97052.31864,71390.57616,1166.542471,211.3382903,32657.4772,6682.67125,586435.4104
2020/8/25,178,32987603.62,188425.6022,349061.424,5638.762227,2723.25876,5962221.052,16549.28111,6336193.778,98219.64002,71339.46091,1167.321378,211.9207271,32674.65915,6677.886495,593113.2969
2020/8/26,179,32916550.82,188210.3119,349146.2428,5650.933845,2729.753896,6033173.208,16761.72743,6407461.866,99387.41027,71268.08782,1167.770253,212.4463196,32682.5988,6671.20546,599784.5024
2020/8/27,180,32845642.69,187941.8878,349132.3002,5661.563108,2735.510802,6104134.402,16974.64196,6478638.418,100555.2991,71176.55212,1167.888789,212.914533,32681.29368,6662.637061,606447.1395
2020/8/28,181,32774898.94,187620.6709,349019.682,5670.639636,2740.523859,6175084.579,17187.96687,6549703.391,101722.9762,71064.97254,1167.6771,213.324908,32670.7518,6652.19241,613099.3319
2020/8/29,182,32704339.07,187247.0577,348808.579,5678.154649,2744.788207,6246003.705,17401.64394,6620636.871,102890.1118,70933.48014,1167.135605,213.6770633,32650.99104,6639.883776,619739.2156
2020/8/30,183,32633982.38,186821.5052,348499.2981,5684.101152,2748.299831,6316871.799,17615.61458,6691419.113,104056.3769,70782.24212,1166.265147,213.9706427,32622.04012,6625.72681,626364.9425
2020/8/31,184,32563847.9,186344.5303,348092.2627,5688.473969,2751.055586,6387668.953,17829.81993,6762030.565,105221.4439,70611.45214,1165.066991,214.2053556,32583.93869,6609.73964,632974.6821
2020/9/1,185,32493954.43,185816.7018,347587.9981,5691.269556,2753.0531,6458375.351,18044.20096,6832451.872,106384.9866,70421.30714,1163.542698,214.3810214,32536.73589,6591.940701,639566.6228
2020/9/2,186,32424320.46,185238.6414,346987.1353,5692.48608,2754.290823,6528971.29,18258.69845,6902663.901,107546.6808,70212.02871,1161.694164,214.497497,32480.49081,6572.350734,646138.9735
2020/9/3,187,32354964.19,184611.0271,346290.4184,5692.123563,2754.768087,6599437.217,18473.25315,6972647.78,108706.2046,69983.87892,1159.523836,214.5546995,32415.2731,6550.994274,652689.9678
2020/9/4,188,32285903.53,183934.5838,345498.6885,5690.183649,2754.485005,6669753.725,18687.80578,7042384.888,109863.2388,69737.10751,1157.034222,214.5526237,32341.16149,6527.894695,659217.8625
2020/9/5,189,32217156.02,183210.0867,344612.8901,5686.669743,2753.442533,6739901.591,18902.29709,7111856.89,111017.4672,69472.00256,1154.228346,214.4913185,32258.24439,6503.078966,665720.9415
2020/9/6,190,32148738.88,182438.3582,343634.0679,5681.586977,2751.642459,6809861.793,19116.668,7181045.758,112168.5767,69188.86797,1151.109557,214.3709035,32166.6196,6476.575532,672197.517
2020/9/7,191,32080668.97,181620.2632,342563.3584,5674.942096,2749.087346,6879615.516,19330.85954,7249933.763,113316.258,68888.00542,1147.681292,214.1915458,32066.39349,6448.412634,678645.9296
2020/9/8,192,32012962.76,180756.7125,341401.9967,5666.74361,2745.780609,6949144.194,19544.81304,7318503.528,114460.2057,68569.76472,1143.947674,213.9534949,31957.68169,6418.623016,685064.5527
2020/9/9,193,31945636.29,179848.6602,340151.315,5657.001796,2741.72652,7018429.533,19758.47011,7386738.047,115600.1189,68234.51874,1139.913229,213.657074,31840.60889,6387.241582,691451.7942
2020/9/10,194,31878705.24,178897.0972,338812.7272,5645.728463,2736.93009,7087453.504,19971.77276,7454620.663,116735.7012,67882.61579,1135.582329,213.3026444,31715.30744,6354.300936,697806.0952
2020/9/11,195,31812184.85,177903.0506,337387.731,5632.937013,2731.397104,7156198.366,20184.66339,7522135.095,117866.661,67514.43203,1130.959769,212.8906291,31581.91755,6319.836289,704125.9315
2020/9/12,196,31746089.93,176867.5841,335877.9115,5618.642526,2725.134165,7224646.711,20397.08494,7589265.484,118992.7121,67130.38971,1126.051045,212.4215527,31440.58759,6283.887167,710409.8186
2020/9/13,197,31680434.85,175791.7915,334284.9258,5602.861522,2718.148577,7292781.439,20608.98087,7655996.356,120113.5733,66730.87131,1120.861247,211.895936,31291.47267,6246.489371,716656.308
2020/9/14,198,31615233.54,174676.7975,332610.5067,5585.612053,2710.448391,7360585.797,20820.29527,7722312.659,121228.9695,66316.30366,1115.39614,211.3143953,31134.735,6207.682858,722863.9909
2020/9/15,199,31550499.47,173523.7539,330856.4574,5566.913633,2702.042376,7428043.393,21030.97287,7788199.779,122338.6311,65887.11947,1109.661662,210.6775996,30970.54338,6167.508132,729031.499
2020/9/16,200,31486245.65,172333.8365,329024.6446,5546.787119,2692.939961,7495138.184,21240.9591,7853643.515,123442.2947,65443.73561,1103.663616,209.986227,30799.07253,6126.004215,735157.5032
2020/9/17,201,31422484.62,171108.2453,327117.0001,5525.254803,2683.151278,7561854.529,21450.20018,7918630.135,124539.7034,64986.62097,1097.408625,209.2410796,30620.50328,6083.214998,741240.7182
2020/9/18,202,31359228.4,169848.2018,325135.5174,5502.340373,2672.68715,7628177.208,21658.6432,7983146.396,125630.607,64516.26076,1090.90363,208.4430285,30435.02226,6039.1859,747279.9041
2020/9/19,203,31296488.57,168554.9447,323082.2399,5478.068694,2661.558983,7694091.386,21866.23611,8047179.489,126714.762,64033.09314,1084.155011,207.5929051,30242.82072,5993.957936,753273.862
2020/9/20,204,31234276.2,167229.7281,320959.2598,5452.465824,2649.778776,7759582.64,22072.92773,8110717.072,127791.9316,63537.58308,1077.169585,206.6916162,30044.09452,5947.574633,759221.4367
2020/9/21,205,31172601.87,165873.8195,318768.7191,5425.559052,2637.359139,7824637.008,22278.66792,8173747.313,128861.8865,63030.24021,1069.954905,205.7401929,29839.04415,5900.083692,765121.5204
2020/9/22,206,31111475.68,164488.4971,316512.7972,5397.376682,2624.313192,7889240.933,22483.4075,8236258.828,129924.4042,62511.51486,1062.517738,204.7395836,29627.87364,5851.527269,770973.0476
2020/9/23,207,31050907.22,163075.0481,314193.7114,5367.948077,2610.654584,7953381.316,22687.09836,8298240.729,130979.2698,61981.90113,1054.86557,203.6908567,29410.79054,5801.951616,776774.9992
2020/9/24,208,30990905.62,161634.7657,311813.7123,5337.30357,2596.397458,8017045.511,22889.69347,8359682.618,132026.2757,61441.88922,1047.0059,202.5951073,29188.00551,5751.402618,782526.4019
2020/9/25,209,30931479.49,160168.947,309375.0775,5305.474363,2581.556391,8080221.306,23091.14687,8420574.561,133065.2216,60891.94352,1038.945897,201.4534006,28959.73177,5699.923746,788226.3256
2020/9/26,210,30872636.97,158678.8918,306880.1106,5272.492549,2566.146418,8142896.975,23291.41381,8480907.139,134095.9151,60332.57713,1030.69356,200.2669466,28726.18492,5647.56303,793873.8886
2020/9/27,211,30814385.65,157165.8995,304331.1365,5238.391051,2550.182997,8205061.289,23490.45082,8540671.45,135118.1722,59764.31152,1022.257087,199.0370092,28487.58262,5594.369283,799468.2579
2020/9/28,212,30756732.67,155631.268,301730.494,5203.203454,2533.68193,8266703.463,23688.21557,8599859.058,136131.8161,59187.60762,1013.643817,197.7647439,28244.14378,5540.385651,805008.6436
2020/9/29,213,30699684.7,154076.2908,299080.5337,5166.96399,2516.659354,8327813.183,23884.66695,8658462.007,137136.6775,58602.94907,1004.861485,196.4513833,27996.08844,5485.657407,810494.301
2020/9/30,214,30643247.88,152502.2544,296383.6157,5129.707516,2499.131734,8388380.644,24079.76524,8716472.864,138132.596,58010.85748,995.9184961,195.0982882,27743.63752,5430.233377,815924.5344
2020/10/1,215,30587427.91,150910.4382,293642.1032,5091.469371,2481.115794,8448396.49,24273.47191,8773884.65,139119.4183,57411.78608,986.8222358,193.7066741,27487.01224,5374.155987,821298.6903
2020/10/2,216,30532230.01,149302.1119,290858.3595,5052.285368,2462.628511,8507851.853,24465.74979,8830690.877,140096.999,56806.22624,977.5807586,192.2778823,27226.43382,5317.471231,826616.1616
2020/10/3,217,30477658.94,147678.5336,288034.7453,5012.191706,2443.687073,8566738.34,24656.56303,8886885.528,141065.2009,56194.65098,968.2018731,190.8132335,26962.12323,5260.223389,831876.385
2020/10/4,218,30423718.98,146040.9481,285173.6143,4971.224921,2424.308861,8625048.042,24845.87712,8942463.067,142023.8945,55577.5399,958.6935586,189.3140942,26694.30079,5202.457355,837078.8423
2020/10/5,219,30370413.99,144390.5859,282277.3095,4929.421818,2404.511407,8682773.527,25033.65895,8997418.429,142972.9581,54955.36127,949.0636728,187.7818286,26423.18583,5144.216962,842223.0593
2020/10/6,220,30317747.33,142728.6615,279348.16,4886.819406,2384.312372,8739907.838,25219.87676,9051747.006,143912.2782,54328.57775,939.3200314,186.2178114,26148.99638,5085.545517,847308.6048
2020/10/7,221,30265721.98,141056.3717,276388.4784,4843.454839,2363.729512,8796444.489,25404.50019,9105444.652,144841.7486,53697.64568,929.4703979,184.6234256,25871.9489,5026.48574,852335.0905
2020/10/8,222,30214340.44,139374.8948,273400.5569,4799.365355,2342.780649,8852377.463,25587.50025,9158507.667,145761.271,53063.01453,919.5224744,183.00006,25592.25797,4967.079701,857302.1702
2020/10/9,223,30163604.82,137685.3888,270386.6649,4754.588218,2321.483644,8907701.207,25768.84935,9210932.793,146670.7549,52425.1264,909.4838912,181.3491072,25310.13601,4907.368785,862209.539
2020/10/10,224,30113516.8,135988.9911,267349.0459,4709.160663,2299.856371,8962410.624,25948.52132,9262717.209,147570.1171,51784.41563,899.3621968,179.6719614,25025.79303,4847.39365,867056.9327
2020/10/11,225,30064077.66,134286.816,264289.9146,4663.119837,2277.916684,9016501.081,26126.49135,9313858.523,148459.2821,51141.31448,889.1649564,177.9700366,24739.43633,4787.194758,871844.1274
2020/10/12,226,30015288.31,132579.9565,261211.4566,4616.502757,2255.682401,9069968.359,26302.73599,9364354.737,149338.1811,50496.21371,878.899055,176.2446339,24451.27053,4726.808688,876570.9361
2020/10/13,227,29967149.24,130869.4805,258115.8231,4569.346246,2233.171272,9122808.704,26477.23319,9414204.278,150206.7532,49849.5411,868.5720768,174.4972017,24161.49698,4666.275481,881237.2116
2020/10/14,228,29919660.57,129156.4294,255005.1279,4521.686877,2210.400949,9175018.82,26649.96239,9463405.999,151064.9448,49201.72056,858.1915917,172.729203,23870.31354,4605.634821,885842.8464
2020/10/15,229,29872822.06,127441.8211,251881.4485,4473.560938,2187.388972,9226595.811,26820.90431,9511959.114,151912.709,48553.11564,847.7641566,170.9419233,23577.91469,4544.920737,890387.7672
2020/10/16,230,29826633.14,125726.6475,248746.8234,4425.004391,2164.152743,9277537.194,26990.04102,9559863.216,152750.0055,47904.10172,837.2965676,169.1367057,23284.49125,4484.168367,894871.9355
2020/10/17,231,29781092.84,124011.8716,245603.2479,4376.052793,2140.709495,9327840.924,27157.35601,9607118.29,153576.8016,47255.07421,826.796025,167.3149894,22990.22998,4423.414725,899295.3503
2020/10/18,232,29736199.91,122298.431,242452.6765,4326.741308,2117.076291,9377505.33,27322.83403,9653724.658,154393.0702,46606.36807,816.268691,165.4780211,22695.31383,4362.691166,903658.0414
2020/10/19,233,29691952.77,120587.2354,239297.0183,4277.104631,2093.269988,9426529.144,27486.46118,9699682.998,155198.7914,45958.33986,805.7211574,163.6271465,22399.92153,4302.031066,907960.0725
2020/10/20,234,29648349.51,118879.1661,236138.1368,4227.176961,2069.307225,9474911.482,27648.22485,9744994.327,155993.9512,45311.32936,795.1597485,161.7636726,22104.22752,4241.466231,912201.5387
2020/10/21,235,29605387.95,117175.0775,232977.8513,4176.991993,2045.204415,9522651.814,27808.11367,9789659.976,156778.5415,44665.64833,784.5903064,159.8888184,21808.40207,4181.025844,916382.5646
2020/10/22,236,29563065.6,115475.7945,229817.9305,4126.582837,2020.977709,9569749.996,27966.11758,9833681.605,157552.5606,44021.62934,774.0191114,158.0039081,21512.61076,4120.741036,920503.3056
2020/10/23,237,29521379.69,113782.1113,226660.0916,4075.981972,1996.642973,9616206.259,28122.22784,9877061.203,158316.0129,43379.59806,763.4523566,156.110263,21217.01434,4060.642292,924563.9479
2020/10/24,238,29480327.17,112094.7957,223506.0046,4025.221285,1972.215802,9662021.154,28276.43687,9919801.033,159068.9083,42739.82953,752.8953258,154.2090268,20921.76911,4000.755358,928564.7032
2020/10/25,239,29439904.78,110414.5869,220357.2897,3974.332021,1947.711497,9707195.567,28428.73825,9961903.638,159811.2617,42102.60533,742.3534537,152.3013846,20627.02676,3941.10659,932505.8098
2020/10/26,240,29400108.95,108742.1929,217215.5132,3923.344706,1923.145029,9751730.726,28579.12684,10003371.86,160543.0941,41468.21821,731.8324304,150.3885922,20332.93389,3881.723394,936387.5332
2020/10/27,241,29360935.94,107078.2955,214082.1931,3872.289213,1898.531067,9795628.157,28727.59857,10044208.77,161264.4312,40836.91286,721.3370617,148.4717232,20039.63259,3822.628674,940210.1619
2020/10/28,242,29322381.74,105423.5473,210958.7944,3821.194687,1873.883942,9838889.693,28874.15049,10084417.72,161975.3036,40208.94699,710.8724404,146.5519264,19747.26002,3763.846554,943974.0085
2020/10/29,243,29284442.15,103778.5723,207846.7306,3770.089534,1849.21764,9881517.46,29018.7808,10124002.28,162675.747,39584.56268,700.44339,144.6303037,19455.94847,3705.399693,947679.4081
2020/10/30,244,29247112.77,102143.9677,204747.3657,3719.001452,1824.545819,9923513.857,29161.48867,10162966.26,163365.8013,38963.97943,690.0543193,142.707873,19165.82563,3647.308638,951326.7168
2020/10/31,245,29210389.01,100520.302,201662.0092,3667.957341,1799.881761,9964881.564,29302.2744,10201313.69,164045.5113,38347.42831,679.7099118,140.7857281,18877.01408,3589.59502,954916.3118
2020/11/1,246,29174266.07,98908.11407,198591.9159,3616.98328,1775.238363,10005623.54,29441.13935,10239048.82,164714.926,37735.13225,669.4147272,138.8649478,18589.63127,3532.279706,958448.5915
2020/11/2,247,29138738.99,97307.91757,195538.2916,3566.104608,1750.628174,10045742.98,29578.0858,10276176.09,165374.0986,37127.27599,659.1725926,136.9464526,18303.79008,3475.37999,961923.9715
2020/11/3,248,29103802.66,95720.19963,192502.2918,3515.345881,1726.06337,10085243.32,29713.11699,10312700.14,166023.086,36524.04663,648.9874097,135.031189,18019.59867,3418.913385,965342.8849
2020/11/4,249,29069451.8,94145.41902,189485.0175,3464.730801,1701.555726,10124128.24,29846.23714,10348625.78,166661.9492,35925.63555,638.8632093,133.1201486,17737.1601,3362.897804,968705.7827
2020/11/5,250,29035681.01,92584.01035,186487.5222,3414.282318,1677.116659,10162401.6,29977.4513,10383957.98,167290.7525,35332.19975,628.8033441,131.2141685,17456.57299,3307.347947,972013.1306
2020/11/6,251,29002484.74,91036.38222,183510.8086,3364.022561,1652.757195,10200067.53,30106.76544,10418701.88,167909.5639,34743.9023,618.8113267,129.314136,17177.93119,3252.279076,975265.4097
2020/11/7,252,28969857.31,89502.91804,180555.8297,3313.972845,1628.487973,10237130.3,30234.18633,10452862.77,168518.4543,34160.89325,608.8904326,127.4208919,16901.32391,3197.705236,978463.115
2020/11/8,253,28937792.94,87983.97797,177623.4919,3264.153721,1604.319265,10273594.39,30359.72154,10486446.08,169117.4979,33583.30637,599.0436165,125.5352045,16626.83602,3143.638951,981606.7539
2020/11/9,254,28906285.74,86479.89705,174714.6517,3214.584897,1580.260942,10309464.48,30483.37943,10519457.36,169706.7719,33011.27967,589.2739693,123.6578903,16354.54765,3090.093139,984696.847
2020/11/10,255,28875329.71,84990.98543,171830.1149,3165.285227,1556.322464,10344745.41,30605.16917,10551902.3,170286.3563,32444.94326,579.5844504,121.7897446,16084.53427,3037.079979,987733.927
2020/11/11,256,28844918.76,83517.53187,168970.6439,3116.272818,1532.512933,10379442.17,30725.10061,10583786.7,170856.3338,31884.40167,569.9774889,119.9314349,15816.86722,2984.609255,990718.5363
2020/11/12,257,28815046.73,82059.80274,166136.9553,3067.564977,1508.841065,10413559.92,30843.18426,10615116.46,171416.7894,31329.76022,560.4555642,118.0836516,15551.6136,2932.690828,993651.2271
2020/11/13,258,28785707.38,80618.04254,163329.7206,3019.178225,1485.315198,10447103.93,30959.43132,10645897.58,171967.8104,30781.11644,551.0210168,116.2470586,15288.83624,2881.333825,996532.5609
2020/11/14,259,28756894.39,79192.47459,160549.5673,2971.128298,1461.94329,10480079.65,31073.8536,10676136.14,172509.4864,30238.5588,541.6760184,114.4222856,15028.59391,2830.546529,999363.1075
2020/11/15,260,28728601.39,77783.30167,157797.08,2923.430165,1438.732929,10512492.6,31186.46354,10705838.31,173041.909,29702.16791,532.4225962,112.6099328,14770.9413,2780.336484,1002143.444
2020/11/16,261,28700821.97,76390.70659,155072.8013,2876.098033,1415.691333,10544348.46,31297.27411,10735010.32,173565.1717,29172.0167,523.262635,110.8105718,14515.92923,2730.71052,1004874.154
2020/11/17,262,28673549.65,75014.85283,152377.2329,2829.145359,1392.825357,10575652.99,31406.29885,10763658.49,174079.3695,28648.17069,514.1978811,109.0247455,14263.60465,2681.674767,1007555.829
2020/11/18,263,28646777.93,73655.88513,149710.8366,2782.584862,1370.141495,10606412.07,31513.55182,10791789.18,174584.5995,28130.68818,505.2299457,107.2529689,14014.01078,2633.234683,1010189.064
2020/11/19,264,28620500.27,72313.93013,147074.0353,2736.428532,1347.645889,10636631.65,31619.04755,10819408.8,175080.9598,27619.6205,496.3603081,105.4957289,13767.18721,2585.395073,1012774.459
2020/11/20,265,28594710.09,70989.09693,144467.2141,2690.68765,1325.344335,10666317.77,31722.80104,10846523.81,175568.5501,27115.01223,487.5903195,103.7534854,13523.17001,2538.16011,1015312.619
2020/11/21,266,28569400.81,69681.47777,141890.7215,2645.372794,1303.242283,10695476.55,31824.82771,10873140.72,176047.4713,26616.90145,478.9212065,102.0266715,13281.99178,2491.533359,1017804.152
2020/11/22,267,28544565.82,68391.14855,139344.8704,2600.493857,1281.344852,10724114.18,31925.1434,10899266.04,176517.8254,26125.31997,470.3540752,100.3156939,13043.68181,2445.517799,1020249.67
2020/11/23,268,28520198.5,67118.16954,136829.9392,2556.060063,1259.656829,10752236.91,32023.76433,10924906.33,176979.7153,25640.2935,461.8899132,98.62093337,12808.26616,2400.115834,1022649.786
2020/11/24,269,28496292.24,65862.58585,134346.1726,2512.079978,1238.182683,10779851.03,32120.70708,10950068.17,177433.2449,25161.84219,453.5295999,96.94274653,12575.76775,2355.329351,1025005.115
2020/11/25,270,28472840.42,64624.42815,131893.7834,2468.561528,1216.926565,10806962.89,32215.98854,10974758.15,177878.5188,24689.97998,445.2738928,95.2814627,12346.20648,2311.159655,1027316.275
2020/11/26,271,28449836.42,63403.71319,129472.953,2425.512016,1195.892322,10833578.88,32309.62593,10998982.87,178315.6423,24224.71593,437.1234527,93.6373891,12119.59935,2267.607594,1029583.883
2020/11/27,272,28427273.63,62200.44435,127083.8328,2382.938136,1175.083499,10859705.43,32401.63674,11022748.92,178744.7211,23766.05395,429.0788382,92.01080955,11895.96052,2224.673535,1031808.556
2020/11/28,273,28405145.47,61014.61227,124726.5449,2340.84599,1154.503349,10885348.98,32492.03873,11046062.91,179165.8616,23313.99285,421.1405059,90.40198416,11675.30143,2182.357366,1033990.914
2020/11/29,274,28383445.36,59846.19536,122401.1838,2299.241103,1134.154844,10910516.01,32580.84988,11068931.44,179579.1704,22868.52677,413.3088178,88.81115086,11457.63091,2140.658537,1036131.572
2020/11/30,275,28362166.75,58695.16038,120107.817,2258.128445,1114.040676,10935213.01,32668.0884,11091361.09,179984.7545,22429.64528,405.5840439,87.23852579,11242.95528,2099.576075,1038231.148
2020/12/1,276,28341303.12,57561.46297,117846.486,2217.51244,1094.163271,10959446.49,32753.77271,11113358.42,180382.7208,21997.33369,397.9663663,85.684304,11031.27845,2059.108601,1040290.257
2020/12/2,277,28320847.96,56445.04818,115617.2079,2177.396989,1074.524792,10983222.94,32837.92137,11134929.99,180773.1767,21571.5732,390.455883,84.14866007,10822.60198,2019.254358,1042309.511
2020/12/3,278,28300794.81,55345.85098,113419.9757,2137.785487,1055.127152,11006548.89,32920.55312,11156082.33,181156.2293,21152.34108,383.0526105,82.63174872,10616.92526,1980.011218,1044289.522
2020/12/4,279,28281137.26,54263.79677,111254.76,2098.680833,1035.972019,11029430.85,33001.68682,11176821.95,181531.9858,20739.61092,375.7564878,81.13370536,10414.2455,1941.376706,1046230.899
2020/12/5,280,28261868.9,53198.80189,109121.5096,2060.085456,1017.060824,11051875.3,33081.34147,11197155.3,181900.5532,20333.35274,368.5673794,79.65464682,10214.55791,1903.34802,1048134.247
2020/12/6,281,28242983.39,52150.77408,107020.1523,2022.001326,998.3947711,11073888.75,33159.53614,11217088.83,182262.0383,19933.53323,361.485079,78.1946719,10017.85576,1865.922039,1050000.169
2020/12/7,282,28224474.44,51119.61296,104950.5965,1984.42997,979.9748421,11095477.66,33236.29,11236628.95,182616.5476,19540.11594,354.5093126,76.75386206,9824.130464,1829.095352,1051829.264
2020/12/8,283,28206335.78,50105.21049,102912.7317,1947.372495,961.8018078,11116648.48,33311.62228,11255782.01,182964.1873,19153.06142,347.6397415,75.33228201,9633.371667,1792.864265,1053622.129
2020/12/9,284,28188561.21,49107.4514,100906.4295,1910.829596,943.8762341,11137407.65,33385.55226,11274554.34,183305.0633,18772.32739,340.875966,73.92998032,9445.567349,1757.224823,1055379.354
2020/12/10,285,28171144.58,48126.21365,98931.54433,1874.801579,926.1984904,11157761.56,33458.09925,11292952.21,183639.2808,18397.86894,334.2175276,72.54699003,9260.703899,1722.172819,1057101.526
2020/12/11,286,28154079.79,47161.36883,96987.91478,1839.288372,908.7687569,11177716.59,33529.28258,11310981.84,183966.9447,18029.63867,327.6639128,71.1833293,9078.766198,1687.703818,1058789.23
2020/12/12,287,28137360.79,46212.78257,95075.36409,1804.289545,891.5870327,11197279.07,33599.12159,11328649.43,184288.1593,17667.58683,321.2145557,69.83900194,8899.737702,1653.813163,1060443.043
2020/12/13,288,28120981.59,45280.31493,93193.70111,1769.804322,874.653143,11216455.3,33667.63558,11345961.09,184603.0281,17311.66153,314.8688407,68.51399806,8723.600517,1620.495995,1062063.539
2020/12/14,289,28104936.28,44363.82081,91342.72112,1735.831599,857.9667467,11235251.54,33734.84388,11362922.9,184911.6542,16961.80879,308.6261056,67.20829462,8550.335481,1587.747264,1063651.287
2020/12/15,290,28089218.98,43463.15025,89522.20662,1702.369958,841.5273436,11253674,33800.76573,11379540.87,185214.1399,16617.9728,302.4856439,65.92185602,8379.922233,1555.561743,1065206.848
2020/12/16,291,28073823.88,42578.14889,87731.9281,1669.41768,825.3342817,11271728.87,33865.42037,11395820.97,185510.5866,16280.09595,296.4467078,64.65463464,8212.339291,1523.93404,1066730.782
2020/12/17,292,28058745.25,41708.65822,85971.64478,1636.972763,809.3867641,11289422.26,33928.82694,11411769.09,185801.0951,15948.11902,290.5085105,63.40657143,8047.564116,1492.858612,1068223.641
2020/12/18,293,28043977.41,40854.51594,84241.10538,1605.032933,793.6838561,11306760.24,33991.00454,11427391.07,186085.7653,15621.98131,284.670229,62.17759641,7885.573184,1462.329778,1069685.971
2020/12/19,294,28029514.75,40015.55633,82540.04876,1573.59566,778.2244918,11323748.85,34051.97217,11442692.69,186364.6963,15301.62074,278.9310059,60.96762924,7726.342053,1432.341725,1071118.313
2020/12/20,295,28015351.72,39191.61047,80868.20465,1542.658168,763.0074806,11340394.05,34111.74875,11457679.66,186637.9863,14986.97398,273.2899524,59.7765797,7569.845424,1402.888526,1072521.201
2020/12/21,296,28001482.85,38382.50661,79225.29431,1512.217454,748.0315141,11356701.75,34170.35309,11472357.64,186905.7324,14677.97656,267.7461499,58.60434826,7416.057203,1373.964146,1073895.165
2020/12/22,297,27987902.73,37588.07041,77611.03112,1482.270294,733.295172,11372677.8,34227.80392,11486732.2,187168.0311,14374.56299,262.2986529,57.45082648,7264.950561,1345.562454,1075240.728
2020/12/23,298,27974606,36808.12524,76025.12125,1452.813263,718.7969283,11388328.02,34284.11982,11500808.87,187424.9776,14076.66684,256.9464904,56.31589761,7116.497995,1317.677232,1076558.405
2020/12/24,299,27961587.42,36042.49242,74467.26424,1423.842738,704.5351575,11403658.13,34339.31926,11514593.09,187676.6662,13784.22088,251.6886681,55.19943695,6970.671376,1290.302187,1077848.707
2020/12/25,300,27948841.76,35290.99149,72937.15352,1395.35492,690.5081403,11418673.81,34393.42057,11528090.25,187923.1904,13497.15714,246.5241708,54.1013124,6827.442012,1263.430957,1079112.138
2020/12/26,301,27936363.9,34553.44042,71434.47705,1367.345836,676.7140692,11433380.68,34446.44195,11541305.66,188164.6424,13215.40702,241.4519636,53.02138483,6686.780689,1237.057121,1080349.195
2020/12/27,302,27924148.79,33829.65587,69958.91775,1339.811358,663.151054,11447784.28,34498.40146,11554244.56,188401.1134,12938.9014,236.4709942,51.95950857,6548.657728,1211.174206,1081560.369
2020/12/28,303,27912191.42,33119.45342,68510.15409,1312.747207,649.8171276,11461890.09,34549.31699,11566912.13,188632.6936,12667.57066,231.5801945,50.91553181,6413.043033,1185.775698,1082746.145
2020/12/29,304,27900486.88,32422.64772,67087.86053,1286.148968,636.7102502,11475703.55,34599.20629,11579313.47,188859.472,12401.34484,226.778482,49.889297,6279.906129,1160.855046,1083907
2020/12/30,305,27889030.32,31739.05275,65691.708,1260.0121,623.8283153,11489229.99,34648.08693,11591453.63,189081.5368,12140.15365,222.0647619,48.88064124,6149.216213,1136.405674,1085043.406
2020/12/31,306,27877816.96,31068.48197,64321.36435,1234.331941,611.169154,11502474.71,34695.97633,11603337.55,189298.9747,11883.92661,217.437928,47.88939669,6020.942194,1112.42098,1086155.827
2021/1/1,307,27866842.1,30410.74855,62976.49477,1209.103724,598.7305399,11515442.93,34742.89172,11614970.15,189511.8716,11632.59306,212.8968649,46.91539091,5895.052732,1088.894352,1087244.721
2021/1/2,308,27856101.11,29765.66546,61656.76223,1184.322581,586.5101934,11528139.78,34788.85017,11626356.23,189720.312,11386.08224,208.4404487,45.95844724,5771.516277,1065.819167,1088310.54
2021/1/3,309,27845589.4,29133.04572,60361.82781,1159.983555,574.5057865,11540570.37,34833.86855,11637500.55,189924.3796,11144.32339,204.0675489,45.01838511,5650.301104,1043.188801,1089353.729
2021/1/4,310,27835302.5,28512.70251,59091.35113,1136.081604,562.7149464,11552739.69,34877.96357,11648407.8,190124.1566,10907.24577,199.7770291,44.09502043,5531.375352,1020.996631,1090374.726
2021/1/5,311,27825235.97,27904.44931,57844.9907,1112.611616,551.13526,11564652.69,34921.15174,11659082.58,190319.7244,10674.77873,195.567749,43.18816584,5414.707053,999.2360444,1091373.962
2021/1/6,312,27815385.47,27308.10006,56622.40421,1089.56841,539.7642778,11576314.24,34963.44937,11669529.43,190511.1629,10446.85177,191.4385647,42.29763106,5300.264168,977.9004422,1092351.862
2021/1/7,313,27805746.71,26723.46927,55423.24893,1066.946747,528.5995173,11587729.16,35004.87259,11679752.82,190698.5513,10223.39459,187.3883305,41.4232232,5188.014611,956.9832429,1093308.845
2021/1/8,314,27796315.47,26150.37219,54247.18194,1044.741336,517.6384671,11598902.16,35045.43734,11689757.16,190881.9672,10004.33711,183.4158995,40.56474698,5077.926285,936.4778882,1094245.323
2021/1/9,315,27787087.61,25588.62485,53093.86048,1022.946842,506.8785899,11609837.92,35085.15934,11699546.77,191061.4873,9789.609576,179.5201248,39.72200508,4969.967103,916.3778468,1095161.701
2021/1/10,316,27778059.04,25038.04423,51962.94218,1001.557891,496.317326,11620541.04,35124.05414,11709125.91,191237.1872,9579.142537,175.6998606,38.89479834,4864.105018,896.6766186,1096058.378
2021/1/11,317,27769225.77,24498.44836,50854.08536,980.5690776,485.9520965,11631016.04,35162.13707,11718498.78,191409.1411,9372.866925,171.9539626,38.08292607,4760.308047,877.3677382,1096935.746
2021/1/12,318,27760583.85,23969.65636,49766.94925,959.9749702,475.7803064,11641267.37,35199.42325,11727669.49,191577.4224,9170.714083,168.2812895,37.28618622,4658.54429,858.4447785,1097794.19
2021/1/13,319,27752129.4,23451.48862,48701.19425,939.7701168,465.7993473,11651299.42,35235.92763,11736642.11,191742.1031,8972.615794,164.6807032,36.50437566,4558.781959,839.9013543,1098634.092
2021/1/14,320,27743858.62,22943.76679,47656.48211,919.9490509,456.0066003,11661116.51,35271.66492,11745420.61,191903.2542,8778.504324,161.15107,35.73729038,4460.989391,821.731125,1099455.823
2021/1/15,321,27735767.76,22446.31393,46632.47617,900.5062962,446.3994387,11670722.89,35306.64965,11754008.93,192060.9454,8588.312444,157.691261,34.98472572,4365.135072,803.9277975,1100259.751
2021/1/16,322,27727853.15,21958.95455,45628.84156,881.4363719,436.9752304,11680122.75,35340.89612,11762410.9,192215.2456,8401.973466,154.3001532,34.24647654,4271.187656,786.4851293,1101046.236
2021/1/17,323,27720111.16,21481.51468,44645.24535,862.733797,427.7313405,11689320.19,35374.41846,11770630.32,192366.2222,8219.421263,150.9766295,33.52233741,4179.115979,769.3969305,1101815.633
2021/1/18,324,27712538.27,21013.82195,43681.35676,844.3930954,418.6651331,11698319.27,35407.23056,11778670.91,192513.9418,8040.590299,147.7195798,32.81210282,4088.889075,752.6570664,1102568.29
2021/1/19,325,27705130.97,20555.70562,42736.84727,826.4087993,409.7739741,11707123.95,35439.34613,11786536.33,192658.4697,7865.415648,144.5279015,32.11556734,4000.476196,736.2594595,1103304.549
2021/1/20,326,27697885.84,20106.99665,41811.39084,808.775454,401.0552328,11715738.16,35470.77866,11794230.16,192799.8702,7693.833017,141.4004997,31.43252576,3913.84682,720.1980916,1104024.747
2021/1/21,327,27690799.53,19667.52776,40904.66398,791.487621,392.5062843,11724165.74,35501.54143,11801755.94,192938.2065,7525.778767,138.3362882,30.76277327,3828.970666,704.4670054,1104729.214
2021/1/22,328,27683868.74,19237.13344,40016.34593,774.5398821,384.1245106,11732410.47,35531.64753,11809117.13,193073.5407,7361.189925,135.3341893,30.1061056,3745.81771,689.0603064,1105418.275
2021/1/23,329,27677090.22,18815.65002,39146.11876,757.9268427,375.9073033,11740476.07,35561.10985,11816317.13,193205.9338,7200.004207,132.3931348,29.46231915,3664.358189,673.9721641,1106092.247
2021/1/24,330,27670460.79,18402.91571,38293.66747,741.6431346,367.8520643,11748366.19,35589.94106,11823359.29,193335.4459,7042.160027,129.5120662,28.83121113,3584.562619,659.1968139,1106751.444
2021/1/25,331,27663977.34,17998.77061,37458.68012,725.6834195,359.9562082,11756084.42,35618.15364,11830246.89,193462.1358,6887.596513,126.6899348,28.21257969,3506.401799,644.7285576,1107396.172
2021/1/26,332,27657636.8,17603.05675,36640.8479,710.0423913,352.2171631,11763634.28,35645.75987,11836983.14,193586.0615,6736.253518,123.9257024,27.606224,3429.846823,630.5617651,1108026.734
2021/1/27,333,27651436.17,17215.61812,35839.86522,694.7147792,344.6323723,11771019.23,35672.77181,11843571.21,193707.2799,6588.07163,121.2183414,27.0119444,3354.869085,616.690875,1108643.425
2021/1/28,334,27645372.49,16836.30068,35055.42982,679.6953499,337.1992955,11778242.68,35699.20136,11850014.21,193825.8467,6442.992184,118.5668353,26.4295425,3281.440291,603.1103956,1109246.535
2021/1/29,335,27639442.88,16464.95241,34287.24279,664.97891,329.9154103,11785307.97,35725.06018,11856315.16,193941.8169,6300.957265,115.9701785,25.85882123,3209.532462,589.814906,1109836.35
2021/1/30,336,27633644.5,16101.42329,33535.00868,650.560308,322.7782127,11792218.37,35750.35976,11862477.07,194055.2442,6161.90972,113.4273769,25.299585,3139.11794,576.7990559,1110413.149
2021/1/31,337,27627974.57,15745.56532,32798.43553,636.4344364,315.7852186,11798977.1,35775.1114,11868502.87,194166.1817,6025.793158,110.9374481,24.7516397,3070.169397,564.057567,1110977.207
2021/2/1,338,27622430.35,15397.23257,32077.23492,622.5962337,308.933965,11805587.33,35799.32619,11874395.42,194274.6811,5892.551963,108.4994214,24.21479287,3002.659834,551.5852331,1111528.792
2021/2/2,339,27617009.17,15056.28112,31371.12205,609.0406858,302.2220101,11812052.15,35823.01505,11880157.55,194380.7935,5762.13129,106.1123382,23.68885368,2936.562593,539.3769204,1112068.169
2021/2/3,340,27611708.4,14722.56915,30679.81574,595.7628276,295.6469351,11818374.61,35846.18868,11885792.03,194484.5687,5634.477072,103.7752517,23.17363309,2871.851351,527.4275677,1112595.596
2021/2/4,341,27606525.48,14395.95687,30003.03848,582.7577448,289.2063441,11824557.7,35868.85762,11891301.56,194586.0559,5509.536022,101.4872275,22.66894382,2808.500133,515.732187,1113111.329
2021/2/5,342,27601457.88,14076.30657,29340.51646,570.0205747,282.8978657,11830604.35,35891.03223,11896688.82,194685.3033,5387.255631,99.24734372,22.17460047,2746.483309,504.2858631,1113615.614
2021/2/6,343,27596503.11,13763.48259,28691.97961,557.546508,276.7191527,11836517.43,35912.72264,11901956.4,194782.358,5267.584173,97.05469055,21.69041956,2685.775596,493.0837542,1114108.698
2021/2/7,344,27591658.78,13457.35134,28057.16156,545.3307893,270.6678835,11842299.77,35933.93886,11907106.87,194877.2663,5150.470702,94.90837085,21.21621955,2626.352063,482.1210913,1114590.819
2021/2/8,345,27586922.48,13157.78129,27435.79976,533.3687185,264.7417622,11847954.14,35954.69069,11912142.74,194970.0738,5035.865053,92.80749999,20.75182093,2568.188129,471.3931785,1115062.212
2021/2/9,346,27582291.9,12864.64296,26827.63536,521.6556514,258.9385192,11853483.24,35974.98773,11917066.46,195060.825,4923.717838,90.75120594,20.2970462,2511.259569,460.8953928,1115523.108
2021/2/10,347,27577764.75,12577.80892,26232.41335,510.1870007,253.2559118,11858889.74,35994.83945,11921880.44,195149.5637,4813.980444,88.73862929,19.85171997,2455.542509,450.6231836,1115973.731
2021/2/11,348,27573338.8,12297.15378,25649.88244,498.9582365,247.6917241,11864176.25,36014.25512,11926587.04,195236.3326,4706.605033,86.76892324,19.41566894,2401.013428,440.5720731,1116414.303
2021/2/12,349,27569011.86,12022.55417,25079.79517,487.9648873,242.2437681,11869345.34,36033.24384,11931188.59,195321.1739,4601.544536,84.84125365,18.98872195,2347.64916,430.7376552,1116845.041
2021/2/13,350,27564781.77,11753.88876,24521.90782,477.2025398,236.9098834,11874399.5,36051.81455,11935687.34,195404.1287,4498.752651,82.954799,18.57071001,2295.426892,421.1155957,1117266.156
2021/2/14,351,27560646.44,11491.03819,23975.98044,466.66684,231.6879375,11879341.21,36069.97602,11940085.52,195485.2374,4398.183837,81.1087504,18.16146631,2244.324164,411.7016315,1117677.858
2021/2/15,352,27556603.8,11233.88514,23441.77685,456.3534933,226.5758265,11884172.87,36087.73684,11944385.32,195564.5397,4299.79331,79.30231153,17.76082624,2194.318867,402.4915707,1118080.35
2021/2/16,353,27552651.83,10982.31423,22919.06461,446.2582648,221.5714747,11888896.85,36105.10547,11948588.85,195642.0744,4203.537038,77.53469861,17.3686274,2145.389243,393.4812916,1118473.831
2021/2/17,354,27548788.56,10736.21207,22407.61501,436.3769794,216.6728352,11893515.47,36122.09018,11952698.22,195717.8796,4109.371737,75.80514039,16.98470963,2097.513883,384.6667423,1118858.498
2021/2/18,355,27545012.05,10495.46722,21907.20304,426.7055222,211.8778896,11898030.99,36138.6991,11956715.48,195791.9924,4017.254863,74.11287803,16.608915,2050.671724,376.0439405,1119234.542
2021/2/19,356,27541320.41,10259.97016,21417.60739,417.2398383,207.1846486,11902445.65,36154.94018,11960642.62,195864.4496,3927.144604,72.45716508,16.24108784,2004.842052,367.6089724,1119602.151
2021/2/20,357,27537711.76,10029.61328,20938.61043,407.9759332,202.5911516,11906761.63,36170.82126,11964481.62,195935.2869,3838.999881,70.83726742,15.88107471,1960.004492,359.3579925,1119961.509
2021/2/21,358,27534184.3,9804.290885,20469.99815,398.9098725,198.095467,11910981.05,36186.34998,11968234.4,196004.5393,3752.780331,69.25246314,15.52872445,1916.139013,351.2872227,1120312.796
2021/2/22,359,27530736.25,9583.899148,20011.56017,390.0377817,193.6956919,11915106.02,36201.53387,11971902.85,196072.2414,3668.44631,67.70204247,15.18388812,1873.225922,343.3929519,1120656.189
2021/2/23,360,27527365.85,9368.336102,19563.08971,381.3558465,189.3899525,11919138.59,36216.38029,11975488.81,196138.4267,3585.958877,66.18530773,14.84641907,1831.245862,335.6715351,1120991.86
2021/2/24,361,27524071.41,9157.501618,19124.38354,372.8603123,185.1764037,11923080.77,36230.89646,11978994.09,196203.1283,3505.279794,64.70157316,14.51617287,1790.17981,328.1193928,1121319.98
2021/2/25,362,27520851.24,8951.297386,18695.24195,364.5474841,181.0532292,11926934.53,36245.08947,11982420.46,196266.3784,3426.371512,63.25016489,14.19300734,1750.009071,320.7330103,1121640.713
2021/2/26,363,27517703.71,8749.626892,18275.46875,356.4137263,177.0186413,11930701.79,36258.96625,11985769.66,196328.2088,3349.197169,61.83042079,13.87678256,1710.715282,313.5089369,1121954.222
2021/2/27,364,27514627.23,8552.3954,17864.8712,348.4554621,173.0708809,11934384.45,36272.53361,11989043.38,196388.6505,3273.720577,60.44169038,13.5673608,1672.280399,306.4437851,1122260.665
2021/2/28,365,27511620.21,8359.509928,17463.26,340.6691737,169.2082172,11937984.35,36285.79822,11992243.28,196447.7339,3199.906217,59.0833347,13.26460657,1634.686702,299.5342303,1122560.2
